{
	"total": 51,
	"movieList": [{
		"id": 346559,
		"haspromotionTag": false,
		"img": "http://p0.meituan.net/w.h/moviemachine/262f95bad79b6ae45b978593157cb68550938.jpg",
		"version": "v3d imax",
		"nm": "黑衣人：全球追缉",
		"preShow": false,
		"sc": 7.4,
		"globalReleased": true,
		"wish": 186768,
		"star": "克里斯·海姆斯沃斯,泰莎·汤普森,丽贝卡·弗格森",
		"rt": "2019-06-14",
		"showInfo": "今天232家影院放映2630场",
		"showst": 3,
		"wishst": 0
	}, {
		"id": 1242431,
		"haspromotionTag": false,
		"img": "http://p0.meituan.net/w.h/movie/b6e77d67efdc6ac89a52b956ead366ae5785152.jpg",
		"version": "",
		"nm": "最好的我们",
		"preShow": false,
		"sc": 8.8,
		"globalReleased": true,
		"wish": 122838,
		"star": "陈飞宇,何蓝逗,惠英红",
		"rt": "2019-06-06",
		"showInfo": "今天229家影院放映1570场",
		"showst": 3,
		"wishst": 0
	}, {
		"id": 1212,
		"haspromotionTag": false,
		"img": "http://p0.meituan.net/w.h/movie/30b20139e68c46d02e0893277d633b701292458.jpg",
		"version": "",
		"nm": "千与千寻",
		"preShow": false,
		"sc": 0,
		"globalReleased": false,
		"wish": 224361,
		"star": "柊瑠美,周冬雨,入野自由",
		"rt": "2019-06-21",
		"showInfo": "2019-06-21 本周五上映",
		"showst": 4,
		"wishst": 0
	}, {
		"id": 246061,
		"haspromotionTag": false,
		"img": "http://p0.meituan.net/w.h/movie/71fba05fbe4912cb70d27b87c3c856393364925.jpg",
		"version": "v3d imax",
		"nm": "哥斯拉2：怪兽之王",
		"preShow": false,
		"sc": 8.4,
		"globalReleased": true,
		"wish": 325416,
		"star": "凯尔·钱德勒,维拉·法梅加,米莉·波比·布朗",
		"rt": "2019-05-31",
		"showInfo": "今天221家影院放映1202场",
		"showst": 3,
		"wishst": 0
	}, {
		"id": 246264,
		"haspromotionTag": false,
		"img": "http://p0.meituan.net/w.h/moviemachine/7857ce32393023f4fee8c3b9dcc0c28f455385.jpg",
		"version": "v3d imax",
		"nm": "玩具总动员4",
		"preShow": false,
		"sc": 0,
		"globalReleased": false,
		"wish": 63528,
		"star": "汤姆·汉克斯,蒂姆·艾伦,安妮·波茨",
		"rt": "2019-06-21",
		"showInfo": "2019-06-21 本周五上映",
		"showst": 4,
		"wishst": 0
	}, {
		"id": 1198925,
		"haspromotionTag": false,
		"img": "http://p0.meituan.net/w.h/moviemachine/5dac476535359b7bb951ff15d37a9d0b153821.jpg",
		"version": "v3d imax",
		"nm": "蜘蛛侠：英雄远征",
		"preShow": false,
		"sc": 0,
		"globalReleased": false,
		"wish": 370434,
		"star": "汤姆·赫兰德,杰克·吉伦哈尔,塞缪尔·杰克逊",
		"rt": "2019-06-28",
		"showInfo": "2019-06-28 下周五上映",
		"showst": 4,
		"wishst": 0
	}, {
		"id": 344328,
		"haspromotionTag": false,
		"img": "http://p0.meituan.net/w.h/movie/47af2656af6cd0110057bc527b862c665484423.jpg",
		"version": "v3d imax",
		"nm": "X战警：黑凤凰",
		"preShow": false,
		"sc": 7.7,
		"globalReleased": true,
		"wish": 307488,
		"star": "苏菲·特纳,詹姆斯·麦卡沃伊,迈克尔·法斯宾德",
		"rt": "2019-06-06",
		"showInfo": "今天210家影院放映748场",
		"showst": 3,
		"wishst": 0
	}, {
		"id": 1204589,
		"haspromotionTag": false,
		"img": "http://p0.meituan.net/w.h/movie/67044d5479f075a18adba35571cadc4f978021.jpg",
		"version": "",
		"nm": "绝杀慕尼黑",
		"preShow": false,
		"sc": 9.6,
		"globalReleased": true,
		"wish": 20759,
		"star": "弗拉基米尔·马什科夫,约翰·萨维奇,伊万·科列斯尼科夫",
		"rt": "2019-06-13",
		"showInfo": "今天174家影院放映651场",
		"showst": 3,
		"wishst": 0
	}, {
		"id": 1197934,
		"haspromotionTag": false,
		"img": "http://p0.meituan.net/w.h/movie/ef241750f2c06755c9a1c9d4b19f963e374555.jpg",
		"version": "",
		"nm": "我的青春都是你",
		"preShow": false,
		"sc": 0,
		"globalReleased": false,
		"wish": 42939,
		"star": "宋威龙,宋芸桦,林妍柔",
		"rt": "2019-06-21",
		"showInfo": "2019-06-21 本周五上映",
		"showst": 4,
		"wishst": 0
	}, {
		"id": 1218215,
		"haspromotionTag": false,
		"img": "http://p0.meituan.net/w.h/movie/c0a02897fa49e5c529bfe3cead0f49652270427.jpg",
		"version": "v2d imax",
		"nm": "追龙Ⅱ",
		"preShow": false,
		"sc": 7.8,
		"globalReleased": true,
		"wish": 137664,
		"star": "梁家辉,古天乐,林家栋",
		"rt": "2019-06-06",
		"showInfo": "今天182家影院放映519场",
		"showst": 3,
		"wishst": 0
	}, {
		"id": 1207185,
		"haspromotionTag": false,
		"img": "http://p0.meituan.net/w.h/movie/58a9691f44a1fd3fc4c57ab532bd90ec2505231.jpg",
		"version": "",
		"nm": "秦明·生死语者",
		"preShow": false,
		"sc": 7.2,
		"globalReleased": true,
		"wish": 96430,
		"star": "严屹宽,代斯,耿乐",
		"rt": "2019-06-14",
		"showInfo": "今天193家影院放映488场",
		"showst": 3,
		"wishst": 0
	}, {
		"id": 246973,
		"haspromotionTag": false,
		"img": "http://p0.meituan.net/w.h/movie/6f4be911eedee49fa0d34847231217cb7127421.jpg",
		"version": "",
		"nm": "妈阁是座城",
		"preShow": false,
		"sc": 8.4,
		"globalReleased": true,
		"wish": 30991,
		"star": "白百何,黄觉,吴刚",
		"rt": "2019-06-14",
		"showInfo": "今天183家影院放映477场",
		"showst": 3,
		"wishst": 0
	}]
}