[
  {
    "user": "lll",
    "pwd": 123
  },
  {
    "user": "hell",
    "pwd": "321"
  },
  {
    "user": "word",
    "pwd": "999"
  },
  {
    "user": "word",
    "pwd": "999"
  },
  {
    "user": "word",
    "pwd": "999"
  },
  {
    "user": "word",
    "pwd": "999"
  },
  {
    "user": "word",
    "pwd": "999"
  },
  {
    "user": "word",
    "pwd": "999"
  },
  {
    "user": "word",
    "pwd": "999"
  },
  {
    "user": "word",
    "pwd": "999"
  },
  {
    "user": "jjj",
    "pwd": "123"
  },
  {
    "user": "dsafd",
    "pwd": "fsdafsad"
  },
  {
    "user": "123",
    "pwd": "123"
  }
]