{"movieList":[{"id":346559,"haspromotionTag":false,"img":"http://p0.meituan.net/w.h/moviemachine/262f95bad79b6ae45b978593157cb68550938.jpg","version":"v3d imax","nm":"黑衣人3","preShow":false,"sc":7.4,"globalReleased":true,"wish":186768,"star":"克里斯·海姆斯沃斯,泰莎·汤普森,丽贝卡·弗格森","rt":"2019-06-14","showInfo":"今天232家影院放映2630场","showst":3,"wishst":0},{"id":1242431,"haspromotionTag":false,"img":"http://p0.meituan.net/w.h/movie/b6e77d67efdc6ac89a52b956ead366ae5785152.jpg","version":"","nm":"黑衣人324234","preShow":false,"sc":8.8,"globalReleased":true,"wish":122838,"star":"陈飞宇,何蓝逗,惠英红","rt":"2019-06-06","showInfo":"今天229家影院放映1570场","showst":3,"wishst":0},{"id":1212,"haspromotionTag":false,"img":"http://p0.meituan.net/w.h/movie/30b20139e68c46d02e0893277d633b701292458.jpg","version":"","nm":"千与千寻","preShow":false,"sc":0,"globalReleased":false,"wish":224361,"star":"柊瑠美,周冬雨,入野自由","rt":"2019-06-21","showInfo":"2019-06-21 本周五上映","showst":4,"wishst":0},{"id":246061,"haspromotionTag":false,"img":"http://p0.meituan.net/w.h/movie/71fba05fbe4912cb70d27b87c3c856393364925.jpg","version":"v3d imax","nm":"哥斯拉2：怪兽之王","preShow":false,"sc":8.4,"globalReleased":true,"wish":325416,"star":"凯尔·钱德勒,维拉·法梅加,米莉·波比·布朗","rt":"2019-05-31","showInfo":"今天221家影院放映1202场","showst":3,"wishst":0},{"id":246264,"haspromotionTag":false,"img":"http://p0.meituan.net/w.h/moviemachine/7857ce32393023f4fee8c3b9dcc0c28f455385.jpg","version":"v3d imax","nm":"玩具总动员4","preShow":false,"sc":0,"globalReleased":false,"wish":63528,"star":"汤姆·汉克斯,蒂姆·艾伦,安妮·波茨","rt":"2019-06-21","showInfo":"2019-06-21 本周五上映","showst":4,"wishst":0},{"id":1198925,"haspromotionTag":false,"img":"http://p0.meituan.net/w.h/moviemachine/5dac476535359b7bb951ff15d37a9d0b153821.jpg","version":"v3d imax","nm":"蜘蛛侠：英雄远征","preShow":false,"sc":0,"globalReleased":false,"wish":370434,"star":"汤姆·赫兰德,杰克·吉伦哈尔,塞缪尔·杰克逊","rt":"2019-06-28","showInfo":"2019-06-28 下周五上映","showst":4,"wishst":0},{"id":344328,"haspromotionTag":false,"img":"http://p0.meituan.net/w.h/movie/47af2656af6cd0110057bc527b862c665484423.jpg","version":"v3d imax","nm":"X战警：黑凤凰","preShow":false,"sc":7.7,"globalReleased":true,"wish":307488,"star":"苏菲·特纳,詹姆斯·麦卡沃伊,迈克尔·法斯宾德","rt":"2019-06-06","showInfo":"今天210家影院放映748场","showst":3,"wishst":0},{"id":1204589,"haspromotionTag":false,"img":"http://p0.meituan.net/w.h/movie/67044d5479f075a18adba35571cadc4f978021.jpg","version":"","nm":"绝杀慕尼黑","preShow":false,"sc":9.6,"globalReleased":true,"wish":20759,"star":"弗拉基米尔·马什科夫,约翰·萨维奇,伊万·科列斯尼科夫","rt":"2019-06-13","showInfo":"今天174家影院放映651场","showst":3,"wishst":0},{"id":1197934,"haspromotionTag":false,"img":"http://p0.meituan.net/w.h/movie/ef241750f2c06755c9a1c9d4b19f963e374555.jpg","version":"","nm":"我的青春都是你","preShow":false,"sc":0,"globalReleased":false,"wish":42939,"star":"宋威龙,宋芸桦,林妍柔","rt":"2019-06-21","showInfo":"2019-06-21 本周五上映","showst":4,"wishst":0},{"id":1218215,"haspromotionTag":false,"img":"http://p0.meituan.net/w.h/movie/c0a02897fa49e5c529bfe3cead0f49652270427.jpg","version":"v2d imax","nm":"追龙Ⅱ","preShow":false,"sc":7.8,"globalReleased":true,"wish":137664,"star":"梁家辉,古天乐,林家栋","rt":"2019-06-06","showInfo":"今天182家影院放映519场","showst":3,"wishst":0},{"id":1207185,"haspromotionTag":false,"img":"http://p0.meituan.net/w.h/movie/58a9691f44a1fd3fc4c57ab532bd90ec2505231.jpg","version":"","nm":"秦明·生死语者","preShow":false,"sc":7.2,"globalReleased":true,"wish":96430,"star":"严屹宽,代斯,耿乐","rt":"2019-06-14","showInfo":"今天193家影院放映488场","showst":3,"wishst":0},{"id":246973,"haspromotionTag":false,"img":"http://p0.meituan.net/w.h/movie/6f4be911eedee49fa0d34847231217cb7127421.jpg","version":"","nm":"妈阁是座城","preShow":false,"sc":8.4,"globalReleased":true,"wish":30991,"star":"白百何,黄觉,吴刚","rt":"2019-06-14","showInfo":"今天183家影院放映477场","showst":3,"wishst":0},{"id":1218215,"haspromotionTag":false,"img":"http://p0.meituan.net/w.h/movie/c0a02897fa49e5c529bfe3cead0f49652270427.jpg","version":"v2d imax","nm":"追龙Ⅱ","preShow":false,"sc":7.8,"globalReleased":true,"wish":137664,"star":"梁家辉,古天乐,林家栋","rt":"2019-06-06","showInfo":"今天62家影院放映140场","showst":3,"wishst":0,"comingTitle":"6月6日 周四"},{"id":878358,"haspromotionTag":false,"img":"http://p0.meituan.net/w.h/movie/a5b4848d737024cfcb85b1d8a7c506724622269.jpg","version":"","nm":"真相漩涡","preShow":false,"sc":0,"globalReleased":true,"wish":11266,"star":"皮尔斯·布鲁斯南,盖·皮尔斯,明妮·德里弗","rt":"2019-06-21","showInfo":"今天70家影院放映140场","showst":3,"wishst":0,"comingTitle":"6月21日 周五"},{"id":1190581,"haspromotionTag":false,"img":"http://p0.meituan.net/w.h/movie/649ca8f66fb690948b32bacd0f88308e1963406.jpg","version":"","nm":"监护风云","preShow":false,"sc":0,"globalReleased":true,"wish":6134,"star":"蕾雅·德吕盖,德尼·梅诺谢,托马斯·乔里亚","rt":"2019-06-21","showInfo":"今天38家影院放映85场","showst":3,"wishst":0,"comingTitle":"6月21日 周五"},{"id":1207959,"haspromotionTag":false,"img":"http://p1.meituan.net/w.h/moviemachine/42ef79dd1d894b67dd57de383d753c03556009.jpg","version":"v3d imax","nm":"阿拉丁","preShow":false,"sc":9,"globalReleased":true,"wish":48343,"star":"梅纳·玛索德,娜奥米·斯科特,马尔万·肯扎里","rt":"2019-05-24","showInfo":"今天35家影院放映77场","showst":3,"wishst":0,"comingTitle":"5月24日 周五"},{"id":246973,"haspromotionTag":false,"img":"http://p0.meituan.net/w.h/movie/6f4be911eedee49fa0d34847231217cb7127421.jpg","version":"","nm":"妈阁是座城","preShow":false,"sc":8.4,"globalReleased":true,"wish":30991,"star":"白百何,黄觉,吴刚","rt":"2019-06-14","showInfo":"今天37家影院放映57场","showst":3,"wishst":0,"comingTitle":"6月14日 周五"},{"id":1207185,"haspromotionTag":false,"img":"http://p0.meituan.net/w.h/movie/58a9691f44a1fd3fc4c57ab532bd90ec2505231.jpg","version":"","nm":"秦明·生死语者","preShow":false,"sc":7.1,"globalReleased":true,"wish":96430,"star":"严屹宽,代斯,耿乐","rt":"2019-06-14","showInfo":"今天23家影院放映29场","showst":3,"wishst":0,"comingTitle":"6月14日 周五"},{"id":1279730,"haspromotionTag":false,"img":"http://p0.meituan.net/w.h/movie/25096a649e1080835a3f5899b3ff2e281942610.jpg","version":"v3d","nm":"潜艇总动员：外星宝贝计划","preShow":false,"sc":8.7,"globalReleased":true,"wish":9052,"star":"范楚绒,洪海天,李晔","rt":"2019-06-01","showInfo":"今天12家影院放映13场","showst":3,"wishst":0,"comingTitle":"6月1日 周六"},{"id":346629,"haspromotionTag":false,"img":"http://p0.meituan.net/w.h/movie/f29c0f9ff0340d00085f4bc1a395ecf02603950.jpg","version":"v3d imax","nm":"大侦探皮卡丘","preShow":false,"sc":8.5,"globalReleased":true,"wish":280645,"star":"瑞安·雷诺兹,贾斯蒂斯·史密斯,凯瑟琳·纽顿","rt":"2019-05-10","showInfo":"今天7家影院放映12场","showst":3,"wishst":0,"comingTitle":"5月10日 周五"},{"id":1230126,"haspromotionTag":false,"img":"http://p1.meituan.net/w.h/movie/7fc1fa47e31c1baf1b0ca224dbedf51810582901.jpg","version":"","nm":"大河唱","preShow":false,"sc":0,"globalReleased":true,"wish":1268,"star":"苏阳,马风山,魏宗富","rt":"2019-06-18","showInfo":"今天8家影院放映11场","showst":3,"wishst":0,"comingTitle":"6月18日 周二"},{"id":887623,"haspromotionTag":false,"img":"http://p0.meituan.net/w.h/movie/36b245c374ec10f6aba4d337f78e97f12022575.jpg","version":"","nm":"无所不能","preShow":false,"sc":9.2,"globalReleased":true,"wish":16047,"star":"赫里尼克·罗斯汉,亚米·高塔姆,洛尼特·罗伊","rt":"2019-06-05","showInfo":"今天5家影院放映10场","showst":3,"wishst":0,"comingTitle":"6月5日 周三"},{"id":1278335,"haspromotionTag":false,"img":"http://p0.meituan.net/w.h/movie/2d5a37197f83eca71806566d1ecb59b61205699.jpg","version":"","nm":"六月夏初","preShow":false,"sc":0,"globalReleased":true,"wish":3407,"star":"陈君杰,王佳,马闻道","rt":"2019-06-21","showInfo":"今天4家影院放映8场","showst":3,"wishst":0,"comingTitle":"6月21日 周五"},{"id":1215829,"haspromotionTag":false,"img":"http://p0.meituan.net/w.h/movie/0fcf11cd8dec7d63b4f840a9a096392b15161270.jpg","version":"","nm":"尺八·一声一世","preShow":false,"sc":9.5,"globalReleased":true,"wish":5865,"star":"佐藤康夫,小凑昭尚,蔡鸿文","rt":"2019-05-31","showInfo":"今天7家影院放映7场","showst":3,"wishst":0,"comingTitle":"5月31日 周五"},{"id":1226516,"haspromotionTag":false,"img":"http://p1.meituan.net/w.h/movie/06daf32301ff2fd54f6ffd59299d0326672524.jpg","version":"","nm":"哆啦A梦：大雄的月球探险记","preShow":false,"sc":8.6,"globalReleased":true,"wish":59726,"star":"水田山葵,大原惠美,嘉数由美","rt":"2019-06-01","showInfo":"今天5家影院放映7场","showst":3,"wishst":0,"comingTitle":"6月1日 周六"},{"id":1234382,"haspromotionTag":false,"img":"http://p1.meituan.net/w.h/movie/f540050eee0371a5720f86da572d0d136138553.jpg","version":"","nm":"周恩来回延安","preShow":false,"sc":0,"globalReleased":true,"wish":4119,"star":"刘劲,唐国强,卢奇","rt":"2019-05-15","showInfo":"今天5家影院放映5场","showst":3,"wishst":0,"comingTitle":"5月15日 周三"},{"id":1278409,"haspromotionTag":false,"img":"http://p0.meituan.net/w.h/movie/3def2ad561cf58b6faeea87c5b284ed61592438.jpg","version":"","nm":"巧虎大飞船历险记","preShow":false,"sc":8.8,"globalReleased":true,"wish":5535,"star":"李晔,沈达威,罗玉婷","rt":"2019-06-01","showInfo":"今天2家影院放映4场","showst":3,"wishst":0,"comingTitle":"6月1日 周六"},{"id":1218727,"haspromotionTag":false,"img":"http://p1.meituan.net/w.h/movie/d28b729ffe72353a72d1e7ef8a9b90591544978.jpg","version":"","nm":"何以为家","preShow":false,"sc":9.3,"globalReleased":true,"wish":101827,"star":"赞恩·阿尔·拉菲亚,约丹诺斯·希费罗,博鲁瓦蒂夫·特雷杰·班科尔","rt":"2019-04-29","showInfo":"今天2家影院放映3场","showst":3,"wishst":0,"comingTitle":"4月29日 周一"},{"id":1225975,"haspromotionTag":false,"img":"http://p0.meituan.net/w.h/movie/bc4461838cb973bff816e78d08f8c1834934750.jpg","version":"","nm":"托马斯大电影之世界探险记","preShow":false,"sc":8.6,"globalReleased":true,"wish":8164,"star":"蒂娜·德赛,约瑟夫·梅,泰莉莎·加拉赫","rt":"2019-05-31","showInfo":"今天1家影院放映3场","showst":3,"wishst":0,"comingTitle":"5月31日 周五"},{"id":1225761,"haspromotionTag":false,"img":"http://p0.meituan.net/w.h/movie/f9a5804fc40e3ddfbbd8b79523bf56ee165492.jpg","version":"","nm":"卡拉斯：为爱而声","preShow":false,"sc":9.1,"globalReleased":true,"wish":397,"star":"玛丽亚·卡拉斯,维托里奥·德·西卡,亚里士多德·奥纳西斯","rt":"2019-05-31","showInfo":"今天1家影院放映3场","showst":3,"wishst":0,"comingTitle":"5月31日 周五"},{"id":1223584,"haspromotionTag":false,"img":"http://p0.meituan.net/w.h/movie/76fdf463c4afdfaf5b681a3a125b439313123292.jpg","version":"","nm":"学区房72小时","preShow":false,"sc":0,"globalReleased":false,"wish":526,"star":"管轩,徐幸,傅淼","rt":"2019-06-28","showInfo":"2019-06-28 下周五上映","showst":4,"wishst":0,"comingTitle":"6月28日 周五"},{"id":1206829,"haspromotionTag":false,"img":"http://p1.meituan.net/w.h/movie/b88fe92134056eed2390d3f7009c18792940728.jpg","version":"","nm":"音乐家","preShow":false,"sc":9.1,"globalReleased":true,"wish":4635,"star":"胡军,袁泉,别里克·艾特占诺夫","rt":"2019-05-17","showInfo":"今天1家影院放映2场","showst":3,"wishst":0,"comingTitle":"5月17日 周五"}]}