[
  {
    "id": "0",
    "user": "devin",
    "pwd": "123"
  },
  {
    "id": "1",
    "user": "devin1",
    "pwd": "123"
  },
  {
    "id": "2",
    "user": "devin2",
    "pwd": "123"
  },
  {
    "id": "3",
    "user": "devin3",
    "pwd": "123"
  },
  {
    "id": "4",
    "user": "devin4",
    "pwd": "123"
  },
  {
    "id": "5",
    "user": "devin5",
    "pwd": "123"
  },
  {
    "id": "6",
    "user": "devin6",
    "pwd": "123"
  },
  {
    "id": "7",
    "user": "devin7",
    "pwd": "123"
  },
  {
    "id": "8",
    "user": "devin8",
    "pwd": "123"
  },
  {
    "id": "9",
    "user": "devin9",
    "pwd": "123"
  },
  {
    "id": "10",
    "user": "devin10",
    "pwd": "123"
  },
  {
    "id": "11",
    "user": "devin11",
    "pwd": "123"
  },
  {
    "id": "12",
    "user": "devin12",
    "pwd": "123"
  },
  {
    "id": "13",
    "user": "devin13",
    "pwd": "123"
  },
  {
    "id": "14",
    "user": "devin14",
    "pwd": "123"
  },
  {
    "id": "15",
    "user": "devin15",
    "pwd": "123"
  },
  {
    "id": "16",
    "user": "devin16",
    "pwd": "123"
  },
  {
    "id": "17",
    "user": "devin17",
    "pwd": "123"
  },
  {
    "id": "18",
    "user": "devin18",
    "pwd": "123"
  },
  {
    "id": "19",
    "user": "devin19",
    "pwd": "123"
  },
  {
    "id": "20",
    "user": "devin",
    "pwd": "123"
  },
  {
    "id": "21",
    "user": "devin",
    "pwd": "123"
  },
  {
    "user": "2342",
    "pwd": "4234",
    "id": "22"
  },
  {
    "user": "hellow rld",
    "pwd": "4234",
    "id": "23"
  }
]